project_id,start_date,end_date,planned_duration_days,actual_duration_days,team_size,budget,actual_spent,risk_level,complexity,domain,scope_changes,satisfaction_rating,budget_overrun_percentage,success_metric,success
1,2023-08-02,2024-06-06,360,309,11,470576.2988028694,400999.21550608013,3,Low,Marketing,10,4.02,-14.79,100.0,1
2,2020-08-16,2021-04-13,240,240,24,337221.7672295077,296331.74633943103,4,High,HR,8,4.29,-12.13,79.16,1
3,2020-02-21,2021-11-28,720,646,19,282513.315841955,318967.53735045006,1,Medium,Marketing,6,2.76,12.9,83.6,1
4,2021-07-17,2022-07-21,390,369,15,345700.0978250751,349017.82412480435,2,High,Finance,5,2.98,0.96,78.81,1
5,2021-05-16,2021-12-18,270,216,12,246052.80440505096,303293.6297119413,3,Low,Finance,0,3.41,23.26,91.46,1
6,2021-04-02,2022-07-21,510,475,25,378517.69245281833,482788.01527853915,2,High,IT,0,3.69,27.55,69.15,1
7,2020-10-12,2021-06-08,240,239,11,71472.25746124196,81125.44896348663,2,Medium,Finance,1,3.23,13.51,84.03,1
8,2020-07-28,2022-03-31,660,611,30,304716.7447223343,286191.113157908,3,Low,R&D,5,3.97,-6.08,100.0,1
9,2023-10-17,2024-09-01,330,320,23,121390.90143912096,152732.7002210313,2,Low,Marketing,5,3.71,25.82,81.61,1
10,2023-01-21,2025-03-09,720,778,27,104074.09151253899,117586.592743201,3,High,Finance,1,4.75,12.98,73.64,1
11,2020-06-27,2022-09-28,660,823,15,203845.8500223807,178764.57593732196,1,High,HR,0,3.67,-12.3,93.3,1
12,2023-04-24,2024-10-05,420,530,15,91309.57961604884,81285.80140521124,3,Low,IT,9,2.4,-10.98,81.8,1
13,2022-05-14,2024-05-08,630,725,28,92370.64472085205,122625.9121388294,3,Medium,Marketing,4,4.09,32.75,57.21,0
14,2020-03-06,2021-07-13,660,494,25,190135.9892260824,247684.52266571217,4,High,IT,4,3.99,30.27,59.8,0
15,2020-03-02,2020-07-20,150,140,8,490779.73787967884,392623.7903037431,3,High,Marketing,1,3.4,-20.0,99.15,1
16,2020-07-10,2021-11-05,510,483,12,128898.62145020234,115535.87740276611,3,High,HR,5,4.07,-10.37,88.24,1
17,2021-03-23,2021-07-06,120,105,28,57722.49582428761,73372.69939403686,1,Medium,IT,8,3.25,27.11,72.55,1
18,2021-04-21,2023-04-28,690,737,7,393513.99035175995,431773.82554936374,4,Medium,Operations,1,4.23,9.72,79.15,1
19,2022-10-31,2023-01-21,120,82,26,413110.83967285074,497913.1557881501,5,Low,R&D,9,5.0,20.53,82.74,1
20,2023-05-17,2026-01-04,720,963,25,205836.94449023035,224507.81434531166,1,Low,R&D,1,2.74,9.07,86.42,1
21,2020-02-24,2020-08-27,150,185,6,259103.21582282512,310450.70374150825,1,Medium,Marketing,2,3.64,19.82,75.01,1
22,2023-02-23,2023-11-12,240,262,28,342398.15718924353,376937.5822523862,5,Medium,Operations,6,3.53,10.09,61.9,1
23,2021-02-11,2022-06-30,510,504,16,71626.51588866518,74087.51426418961,3,Low,IT,5,3.7,3.44,93.71,1
24,2023-08-23,2024-11-13,360,448,10,477115.5792161237,600598.6134854313,2,High,Operations,7,4.71,25.88,52.59,0
25,2023-12-07,2024-12-16,330,375,6,449006.17428412137,507515.3572332519,4,Medium,Operations,7,4.38,13.03,65.52,1
26,2023-01-21,2023-05-10,90,109,25,167402.13050377127,200524.0327065174,2,Medium,IT,5,4.59,19.79,71.2,1
27,2022-05-09,2023-10-25,540,534,5,56887.04313067313,63919.25947845217,5,Medium,HR,10,4.02,12.36,60.66,1
28,2021-03-27,2022-02-15,240,325,16,470046.33863576734,482759.43093684077,1,Medium,Operations,9,3.07,2.7,70.54,1
29,2022-07-08,2023-08-19,330,407,30,275467.9477618666,369473.6979583064,1,Low,Operations,2,3.22,34.13,71.46,1
30,2023-04-21,2023-11-05,180,198,26,292719.85178002814,337577.7751959228,4,Low,HR,2,4.52,15.32,83.35,1
31,2021-07-23,2021-12-20,120,150,16,357783.6962291635,374507.4734033865,1,Low,Operations,0,4.12,4.67,100.0,1
32,2020-01-14,2020-06-27,180,165,29,327133.0239754612,422573.894162354,1,Low,Operations,6,4.88,29.17,90.4,1
33,2020-11-22,2021-01-30,90,69,21,474751.22205234074,428166.9391428519,4,Medium,Operations,4,4.21,-9.81,100.0,1
34,2023-11-30,2025-09-30,630,670,14,474913.21870632534,681710.6405579359,4,Medium,R&D,3,3.17,43.54,43.98,0
35,2022-05-15,2023-05-06,360,356,20,440239.5200997517,472433.1516087667,5,Low,Finance,9,3.63,7.31,74.27,1
36,2021-11-27,2023-09-21,690,663,19,336381.6188507051,306039.2799649785,1,Medium,HR,3,4.4,-9.02,100.0,1
37,2021-07-23,2023-04-18,510,634,19,410427.18260707986,568807.4215470544,1,Low,Operations,3,4.5,38.59,72.39,1
38,2020-11-14,2022-11-28,720,744,23,354725.7540723418,365553.7073582061,5,High,R&D,5,4.6,3.05,66.72,1
39,2021-03-16,2023-01-08,630,663,16,308015.16875237,350055.1382124338,3,High,HR,7,3.27,13.65,57.82,0
40,2021-11-20,2023-04-09,540,505,27,107825.15895525958,130215.44259224978,3,Low,Marketing,7,3.16,20.77,76.28,1
41,2020-07-28,2022-10-17,690,811,24,415041.8795312013,530268.2462197135,3,Medium,Marketing,4,3.87,27.76,59.11,0
42,2020-07-08,2022-10-07,720,821,29,419287.7640847799,480070.3114761036,5,Low,Operations,5,5.0,14.5,75.29,1
43,2022-02-17,2022-09-16,180,211,7,331672.8515457078,332635.5946007339,1,Medium,R&D,3,3.51,0.29,90.95,1
44,2020-07-17,2020-11-03,120,109,9,419192.07969707064,474881.2773609506,5,Medium,R&D,10,4.32,13.28,64.63,1
45,2022-01-05,2023-07-26,450,567,23,343168.1473360046,355900.60124350403,5,Low,HR,8,4.32,3.71,71.22,1
46,2021-12-05,2022-04-07,90,123,11,143007.96194453543,162650.35598958138,3,Medium,HR,7,4.53,13.74,61.51,1
47,2023-05-21,2025-03-16,570,665,25,173282.5072945102,232930.23335483615,2,Low,R&D,9,5.0,34.42,67.3,1
48,2021-06-25,2022-07-08,450,378,13,146565.10386876838,177840.4523901889,1,Low,HR,9,5.0,21.34,95.83,1
49,2020-03-29,2020-08-28,180,152,11,219766.58745258913,248555.34357436377,3,Medium,R&D,0,3.58,13.1,88.66,1
50,2022-07-29,2023-04-05,270,250,22,67533.40953960514,81767.67106951286,2,Low,Finance,1,2.53,21.08,87.26,1
51,2023-01-03,2024-05-23,570,506,8,328214.2479520518,400917.67453928915,2,Medium,R&D,8,3.53,22.15,72.4,1
52,2020-09-12,2021-08-04,330,326,29,201449.39669992693,189023.77320569093,4,Medium,Marketing,7,4.05,-6.17,85.18,1
53,2022-02-14,2022-09-04,180,202,18,345075.18592133396,381742.3253629522,1,High,HR,2,3.75,10.63,77.34,1
54,2020-06-10,2022-04-07,630,666,22,223428.47943450426,331652.5761429832,2,Low,R&D,7,5.0,48.44,63.46,1
55,2023-02-04,2023-05-08,90,93,30,356726.15103775536,457295.5104247664,3,Medium,R&D,0,4.01,28.19,71.18,1
56,2021-08-23,2022-08-01,360,343,13,203281.056258908,208258.3250511114,4,Medium,HR,9,4.46,2.45,78.72,1
57,2023-07-11,2024-01-05,180,178,30,167312.5377061564,168905.1548971974,1,Low,Finance,3,4.15,0.95,100.0,1
58,2023-06-20,2024-07-06,330,382,25,273216.8544320328,274452.1064975691,5,High,Finance,2,3.76,0.45,64.12,1
59,2022-01-10,2022-10-06,450,269,6,361800.6614113727,444995.997202312,3,Medium,HR,5,2.65,22.99,78.46,1
60,2023-03-28,2024-07-19,480,479,24,206751.4720039388,277283.9382385146,2,Medium,IT,6,3.94,34.11,63.52,1
61,2021-01-28,2022-02-12,360,380,19,471491.6683350683,559813.871826315,2,Medium,HR,3,5.0,18.73,83.29,1
62,2023-12-13,2024-09-15,240,277,11,67633.84700404081,75991.65585331837,3,High,HR,6,3.13,12.36,55.59,0
63,2020-05-22,2021-07-27,540,431,16,238075.71427201043,246021.89509678714,2,High,Finance,8,2.73,3.34,77.05,1
64,2020-04-03,2020-10-09,240,189,12,485411.2481841114,557934.5874599265,4,Medium,Finance,10,5.0,14.94,76.55,1
65,2023-09-16,2025-06-13,570,636,19,296587.3474616393,289760.4233739515,1,Medium,HR,1,4.52,-2.3,100.0,1
66,2021-04-11,2021-11-20,360,223,7,240561.92403865335,194767.39376378787,4,Low,HR,10,4.13,-19.04,100.0,1
67,2021-08-15,2023-09-13,600,759,18,305834.12768748123,411507.11402302945,2,Low,HR,2,4.95,34.55,73.53,1
68,2020-06-12,2022-07-04,720,752,21,309166.0588661381,293438.19386473,5,Medium,Finance,4,3.42,-5.09,78.38,1
69,2021-04-21,2023-06-17,600,787,8,379241.4898848381,398687.15187034477,1,Low,HR,2,3.93,5.13,95.06,1
70,2020-07-25,2020-11-20,150,118,22,107460.37824010951,128786.2790499211,1,Medium,HR,10,4.67,19.85,86.0,1
71,2022-02-17,2023-10-13,660,603,12,162507.4021472471,213724.86502253008,3,Low,Operations,7,5.0,31.52,77.74,1
72,2021-07-23,2022-07-16,690,358,8,311244.80555475946,354373.8730973657,3,Low,IT,9,3.18,13.86,95.57,1
73,2022-07-17,2023-09-19,510,429,6,440202.4732443749,405401.54120272014,5,Medium,Marketing,7,4.9,-7.91,91.66,1
74,2023-07-25,2024-11-28,510,492,10,302840.0114646981,319435.04826925264,1,High,IT,7,4.27,5.48,82.86,1
75,2022-01-17,2022-05-07,180,110,26,157368.58690565306,157089.6021824824,5,Low,Operations,8,4.11,-0.18,99.27,1
76,2020-11-29,2021-09-29,330,304,14,355930.1509551106,389483.0975342191,3,Medium,Marketing,3,3.99,9.43,86.08,1
77,2022-01-28,2023-02-12,630,380,8,382958.9422013185,492024.7569103309,3,High,HR,4,3.03,28.48,67.24,1
78,2021-12-28,2023-06-22,570,541,26,157206.26858179073,125765.01486543259,1,Low,Operations,4,4.67,-20.0,100.0,1
79,2021-03-05,2022-06-27,390,479,22,219977.99877933267,228401.29192812336,4,High,HR,7,3.45,3.83,54.57,0
80,2023-10-04,2024-08-27,330,328,30,290447.36308875354,298403.458323727,2,Low,Finance,6,3.24,2.74,95.27,1
81,2021-06-30,2022-10-22,360,479,16,273452.535807385,249248.10288816167,3,Low,R&D,8,4.62,-8.85,89.96,1
82,2023-12-08,2025-11-01,600,694,6,225328.13879864156,267650.0836144457,3,High,Operations,7,4.55,18.78,55.97,0
83,2023-10-31,2026-02-14,660,837,14,183935.8285291899,163289.69748075883,4,Low,Finance,1,4.06,-11.22,97.03,1
84,2023-08-20,2024-09-05,450,382,8,94993.19922283852,85970.35170884879,4,Medium,Operations,9,4.76,-9.5,93.92,1
85,2020-05-26,2021-02-03,300,253,18,74068.383536316,90930.82003395207,5,High,Operations,3,5.0,22.77,63.54,1
86,2023-06-01,2024-03-15,270,288,20,481343.67359743925,637821.6212419276,5,Low,Finance,5,4.92,32.51,63.41,1
87,2023-07-24,2024-08-18,570,391,19,431214.4148430154,469413.7527950494,2,Medium,Marketing,1,3.63,8.86,100.0,1
88,2020-12-16,2023-01-10,690,755,12,209707.33570822427,192383.534786831,2,High,IT,6,4.71,-8.26,87.39,1
89,2022-12-29,2024-04-19,510,477,18,480560.39830690535,477757.23483179254,1,Low,HR,2,4.15,-0.58,100.0,1
90,2021-05-16,2023-08-29,660,835,27,354546.4569909365,443608.6305453845,5,High,Operations,2,5.0,25.12,46.3,0
91,2020-11-30,2022-07-02,510,579,29,267134.4273391891,298513.5694841078,3,Medium,HR,10,3.91,11.75,64.76,1
92,2022-08-04,2022-11-21,90,109,12,271861.54599731223,294927.4168837239,5,Medium,R&D,1,3.75,8.48,67.02,1
93,2022-02-16,2023-03-31,480,408,25,87477.98503786683,100333.52721763714,3,Medium,Finance,10,3.57,14.7,72.1,1
94,2021-07-06,2022-03-17,210,254,20,91266.86626631649,99877.98713854811,4,Low,HR,7,4.13,9.44,74.23,1
95,2023-08-03,2024-12-17,390,502,17,321098.41665550356,427657.12402855116,5,High,Finance,5,4.33,33.19,31.1,0
96,2023-11-10,2025-04-29,540,536,22,299166.3735556103,295465.23984537204,4,High,HR,0,4.34,-1.24,82.99,1
97,2023-02-14,2023-05-28,120,103,19,145727.55276090303,141414.91086971332,2,Medium,IT,0,4.24,-2.96,100.0,1
98,2021-03-25,2021-12-07,300,257,25,475787.54429676064,424631.8059248467,2,Medium,IT,6,4.47,-10.75,100.0,1
99,2023-11-03,2025-03-03,390,486,28,401583.22271204117,409214.04873633856,1,Medium,IT,7,3.84,1.9,82.35,1
100,2021-10-26,2024-05-05,600,922,30,101059.07090785161,94611.8739600485,5,Medium,IT,4,3.39,-6.38,59.58,0
101,2020-04-24,2020-08-23,150,121,29,468918.0975592817,531148.840211466,4,Medium,IT,10,3.33,13.27,68.76,1
102,2021-04-14,2021-06-24,90,71,17,488411.6938404846,538787.5039661777,3,Medium,IT,4,4.68,10.31,92.61,1
103,2020-03-06,2021-06-10,390,461,13,498169.0589136481,467351.6608501672,2,Medium,Finance,3,4.33,-6.19,94.81,1
104,2021-10-08,2023-01-10,540,459,19,75142.01960480752,89296.58975519481,2,Medium,Operations,5,2.7,18.84,76.93,1
105,2022-04-01,2024-03-23,600,722,17,381666.000555954,506669.98569993966,3,Medium,HR,5,4.77,32.75,57.0,0
106,2021-07-02,2023-02-12,540,590,5,295662.096574245,341098.1916920806,4,Low,IT,2,5.0,15.37,86.0,1
107,2020-05-15,2021-05-09,360,359,29,367624.16774541256,294099.33419633005,4,Low,Finance,8,3.5,-20.0,100.0,1
108,2021-03-08,2022-12-20,600,652,11,485893.3747883607,679312.778290002,5,Medium,Finance,10,4.24,39.81,35.86,0
109,2023-03-07,2023-11-20,240,258,13,359613.5045787676,435865.4199913605,5,Medium,Finance,6,3.67,21.2,54.38,0
110,2021-10-06,2023-06-06,630,608,28,426633.74340681825,594498.2242015826,1,Medium,Operations,0,4.44,39.35,77.12,1
111,2021-03-11,2021-07-06,180,117,5,440090.9173898786,556102.6406759853,2,Medium,HR,6,3.18,26.36,79.83,1
112,2023-09-04,2024-12-13,450,466,16,427316.3436937933,552766.7276040073,5,Medium,Operations,4,3.95,29.36,53.84,0
113,2022-10-19,2024-07-11,480,631,12,241741.1637711235,273358.4988096573,4,Medium,Marketing,4,4.69,13.08,64.39,1
114,2022-03-21,2022-07-01,150,102,28,150159.38790696373,159267.3954015307,3,Low,Finance,1,4.86,6.07,100.0,1
115,2023-08-09,2024-05-26,360,291,15,228493.22087941333,264143.2308957732,4,Medium,Marketing,3,4.3,15.6,82.18,1
116,2022-07-28,2023-04-14,240,260,23,451353.6089495495,448502.0642536737,2,Medium,R&D,5,3.76,-0.63,88.49,1
117,2020-10-19,2021-01-17,90,90,21,115972.16976141147,135117.10229207674,4,High,IT,9,2.89,16.51,47.72,0
118,2021-06-26,2022-11-27,480,519,12,280996.7759115768,224797.42072926147,1,Medium,IT,10,3.47,-20.0,100.0,1
119,2020-10-12,2021-06-28,300,259,7,154952.63259103752,171445.76551299385,2,Low,Operations,6,3.67,10.64,96.31,1
120,2021-05-20,2023-07-05,630,776,7,311587.43775205204,405593.80955760635,3,Low,HR,10,3.51,30.17,54.15,0
121,2023-02-23,2024-06-21,480,484,5,438412.3348950517,488455.4750278892,1,Low,Marketing,4,4.04,11.41,99.74,1
122,2023-01-08,2024-02-22,360,410,9,446161.9858872876,606388.7538239035,2,Medium,HR,8,3.76,35.91,52.52,0
123,2021-06-22,2023-02-18,570,606,14,156508.33715693542,165967.41805987954,3,Low,Operations,2,4.12,6.04,95.24,1
124,2023-04-12,2024-03-18,330,341,11,458462.16785684583,573260.0113183372,1,Medium,IT,0,4.84,25.04,87.84,1
125,2022-05-27,2023-02-21,240,270,30,316349.93246957794,306308.82394204265,1,Medium,HR,3,3.72,-3.17,96.62,1
126,2023-04-10,2024-05-18,390,404,13,207598.2110151411,258313.1031107356,2,Low,HR,8,3.03,24.43,72.18,1
127,2022-03-28,2022-10-20,270,206,11,368681.5380124399,418412.70908857795,5,Medium,IT,3,3.51,13.49,76.73,1
128,2022-01-11,2023-12-05,570,693,13,266750.1445838519,284632.38756147394,1,Low,Marketing,1,4.41,6.7,100.0,1
129,2021-03-25,2021-07-07,90,104,12,220094.4155550145,176075.53244401162,1,Medium,IT,9,4.47,-20.0,100.0,1
130,2020-10-10,2021-12-01,720,417,16,367287.96393349697,390002.3311182084,3,Low,HR,4,4.28,6.18,100.0,1
131,2022-11-09,2023-05-11,210,183,6,161925.86949362958,183302.9913044311,4,High,Marketing,2,4.91,13.2,76.13,1
132,2022-10-07,2023-11-09,330,398,5,198613.63805859434,243163.95123783042,2,Low,Marketing,8,3.87,22.43,71.16,1
133,2020-07-05,2021-07-21,600,381,20,245503.3300197221,327536.4190725599,2,High,IT,3,5.0,33.41,78.37,1
134,2020-04-06,2022-07-05,690,820,27,164156.97824291245,230682.39889946458,5,Medium,HR,5,4.57,40.53,40.41,0
135,2020-08-12,2020-12-07,120,117,27,232340.9390516377,299008.871678389,5,High,Operations,1,2.23,28.69,42.71,0
136,2020-11-09,2022-03-18,390,494,28,307162.8613422548,311981.156578495,2,Medium,HR,5,5.0,1.57,85.58,1
137,2023-07-09,2024-03-05,240,240,9,383438.23740980076,404251.02972478373,5,Medium,Finance,2,3.46,5.43,74.97,1
138,2020-11-23,2021-08-07,300,257,7,395237.68389885727,478568.5381945938,3,Medium,R&D,8,3.28,21.08,68.25,1
139,2023-10-25,2024-05-03,180,191,16,420255.65834451193,495036.86171526305,2,Medium,Operations,10,4.37,17.79,70.15,1
140,2022-05-14,2024-01-01,600,597,12,384895.2456244841,517396.16288716864,5,Medium,Marketing,1,2.78,34.43,50.08,0
141,2023-05-06,2024-03-28,390,327,26,356467.74219360907,524687.868628907,2,Medium,Operations,8,3.51,47.19,54.27,0
142,2020-05-10,2021-03-09,210,303,7,156877.91208161146,225916.27758774106,4,Medium,Marketing,4,5.0,44.01,36.08,0
143,2022-02-27,2023-04-14,510,411,5,230100.30179241116,304673.67656657385,1,Low,Marketing,7,4.39,32.41,88.28,1
144,2022-02-20,2023-01-17,600,331,7,264971.70089610247,312450.76040540636,2,Low,Operations,1,4.57,17.92,100.0,1
145,2023-05-05,2023-10-09,120,157,9,87301.0947620094,113700.83751595874,1,Medium,Marketing,5,3.54,30.24,58.68,0
146,2022-08-16,2024-05-13,720,636,19,287766.55458374415,388259.2834668301,5,Medium,Marketing,2,2.92,34.92,53.35,0
147,2022-12-19,2023-12-21,390,367,18,246351.1242229502,265543.0938759061,1,Medium,Finance,9,4.49,7.79,90.1,1
148,2021-05-29,2022-07-21,450,418,7,410949.16206203034,419209.59122089023,2,Medium,HR,4,4.65,2.01,98.49,1
149,2023-02-07,2023-07-17,180,160,5,490055.30093942187,482649.0216627606,4,High,HR,7,4.62,-1.51,78.25,1
150,2020-01-24,2021-09-25,720,610,9,300202.267389163,290758.5915152503,5,Low,R&D,9,4.15,-3.15,90.86,1
151,2023-10-25,2024-05-29,270,217,30,195208.87472491266,174263.09942762752,2,Low,R&D,0,3.32,-10.73,100.0,1
152,2020-08-22,2021-09-21,390,395,27,69530.35248417774,79089.75082079862,5,Low,Finance,4,5.0,13.75,82.49,1
153,2023-10-28,2025-08-21,720,663,18,466089.4986006182,442802.3061931204,3,Medium,R&D,2,4.34,-5.0,100.0,1
154,2023-01-04,2023-07-29,180,206,11,463602.07187539677,455475.90287411155,1,High,Operations,3,3.88,-1.75,85.52,1
155,2021-06-30,2023-01-10,510,559,13,163845.5755951585,197464.7762645667,3,Low,IT,1,3.88,20.52,82.65,1
156,2023-08-05,2023-10-18,90,74,19,362935.0053979914,409115.3490539468,2,Medium,IT,8,4.1,12.72,85.46,1
157,2021-11-27,2022-04-29,150,153,19,83945.54619039617,97749.86585421234,4,Medium,IT,2,4.75,16.44,76.79,1
158,2020-08-16,2021-10-30,480,440,30,124796.94435916381,162831.5979070543,5,Medium,Finance,1,4.13,30.48,63.12,1
159,2021-08-24,2022-03-05,240,193,14,147564.09796392103,181456.54417781119,1,Medium,Finance,9,4.6,22.97,83.96,1
160,2022-06-09,2024-04-21,600,682,17,182522.27607774345,242359.0990781202,5,Low,Marketing,10,4.11,32.78,48.84,0
161,2020-11-19,2021-02-15,90,88,23,498124.11876321683,553912.2637870031,2,Medium,IT,8,3.92,11.2,79.54,1
162,2022-07-18,2023-02-24,240,221,11,363616.2751387167,487888.89632008475,5,Medium,Operations,6,4.45,34.18,54.07,0
163,2020-01-07,2020-07-24,240,199,21,222890.82412064896,257207.21011383334,1,Low,R&D,5,4.42,15.4,100.0,1
164,2021-06-23,2022-12-24,690,549,24,381695.3176293587,429524.00787951384,2,Medium,Operations,0,3.88,12.53,97.56,1
165,2022-10-22,2024-11-14,540,754,8,461864.45375109784,609304.9495619293,5,Low,R&D,4,3.48,31.92,44.99,0
166,2020-12-31,2021-08-12,210,224,9,481416.08333353075,466577.37042155914,4,Medium,IT,10,4.24,-3.08,76.0,1
167,2022-11-05,2024-01-25,570,446,27,76038.75399096833,106723.43924976708,2,Medium,IT,10,4.05,40.35,61.69,1
168,2020-08-05,2021-08-20,360,380,11,227534.80937365844,240660.1541685009,2,Medium,IT,2,3.61,5.77,88.22,1
169,2023-07-04,2025-10-17,690,836,17,98040.22967114797,89930.71484402001,4,Medium,Finance,0,3.41,-8.27,85.21,1
170,2021-09-03,2023-05-16,600,620,19,201047.02915863344,240859.42597602657,3,Low,R&D,3,4.29,19.8,84.76,1
171,2023-08-01,2024-07-10,270,344,15,126355.95675300449,131840.02936613275,1,Medium,Finance,1,4.39,4.34,90.99,1
172,2022-11-05,2023-02-17,150,104,8,341081.7627509257,478834.8171113807,3,Low,Finance,1,3.75,40.39,82.2,1
173,2023-06-01,2024-02-27,450,271,17,224720.7727954425,232600.57909381003,5,Low,HR,2,3.59,3.51,100.0,1
174,2021-02-11,2022-08-01,510,536,11,153227.63556722735,175777.73874082742,4,High,Operations,7,3.42,14.72,52.78,0
175,2020-11-09,2022-10-06,660,696,23,169672.06623390754,150356.7683403358,3,Low,Operations,7,4.27,-11.38,100.0,1
176,2022-02-04,2022-12-16,630,315,26,212155.29284237072,259240.43107890143,2,Medium,Marketing,6,3.44,22.19,90.43,1
177,2020-11-26,2021-04-07,150,132,6,166977.4382844182,164204.1916006626,5,Medium,Finance,5,5.0,-1.66,88.63,1
178,2023-01-09,2023-06-02,180,144,14,253958.38107297398,305765.56156748964,5,Low,R&D,8,3.71,20.4,73.24,1
179,2022-12-22,2023-05-23,210,152,17,64542.17799934271,66849.44559333696,3,Low,HR,3,2.3,3.57,100.0,1
180,2020-01-02,2020-03-14,90,72,29,175893.57822602557,140714.86258082045,3,Low,HR,0,3.98,-20.0,100.0,1
181,2023-05-11,2023-11-28,180,201,25,235043.0243924838,263172.62417244463,4,High,Operations,7,3.95,11.97,55.0,0
182,2021-10-25,2022-09-25,420,335,10,321251.8469104843,357541.82971210993,1,Medium,Finance,6,4.78,11.3,98.95,1
183,2022-09-27,2023-07-14,360,290,16,171930.93913180847,211846.55250928074,3,Low,Marketing,6,4.2,23.22,86.21,1
184,2020-02-09,2021-05-21,690,467,16,109933.30635068737,146585.0801176327,3,Medium,Finance,2,3.42,33.34,75.34,1
185,2020-08-17,2022-11-22,660,827,24,84290.17081962342,116898.78527742709,2,Medium,IT,3,3.8,38.69,53.43,0
186,2022-01-13,2023-05-17,450,489,15,473239.32221092255,581906.017572316,5,Low,Finance,9,4.23,22.96,60.81,1
187,2021-09-21,2022-05-20,480,241,30,237487.57598231564,271161.6230624301,1,Medium,IT,8,2.48,14.18,94.0,1
188,2021-05-05,2021-10-21,210,169,27,311523.1795313718,275978.37277584145,2,Medium,IT,5,4.94,-11.41,100.0,1
189,2020-04-28,2020-11-13,180,199,29,463629.4483260018,524041.82149364887,4,High,Marketing,4,3.42,13.03,56.44,0
190,2021-05-08,2023-01-01,480,603,11,87236.78901588777,98773.07145587681,4,Low,R&D,2,4.99,13.22,81.13,1
191,2023-03-07,2024-04-30,360,420,5,444497.6686666067,475703.16568520234,3,Low,Operations,8,4.27,7.02,82.09,1
192,2020-06-10,2021-11-22,570,530,5,298214.5426448315,356350.02067424875,3,Low,Finance,4,4.44,19.49,88.41,1
193,2020-06-24,2021-01-31,360,221,29,124175.41751165043,157489.92577330224,4,Medium,IT,4,4.8,26.83,82.0,1
194,2022-09-22,2023-08-04,270,316,29,235064.80246341607,229714.5889700064,3,Low,Finance,3,4.4,-2.28,97.51,1
195,2020-05-21,2021-10-11,540,508,24,399921.0276808515,389883.94844875636,1,Medium,R&D,3,4.47,-2.51,100.0,1
196,2022-12-26,2023-03-27,90,91,17,266166.53683985956,287221.9596662392,3,Medium,Operations,0,3.88,7.91,87.65,1
197,2020-09-14,2022-03-18,570,550,13,493378.72279947693,497185.44622835994,5,Medium,R&D,6,4.26,0.77,78.09,1
198,2020-09-19,2022-02-04,690,503,7,219532.53647207335,187439.51834323464,3,Medium,Operations,8,3.59,-14.62,100.0,1
199,2023-09-13,2024-09-01,330,354,11,387310.23498923244,368142.673454085,2,High,HR,2,3.76,-4.95,86.85,1
200,2022-08-31,2023-05-08,240,250,10,226845.2520404866,207597.8470653558,1,Medium,Operations,1,5.0,-8.48,100.0,1
201,2023-01-30,2024-08-29,630,577,12,423123.8993179315,542134.9329125311,2,Medium,Marketing,2,3.43,28.13,75.03,1
202,2020-12-04,2022-04-10,450,492,13,306086.6611245865,414877.22214836854,2,Low,R&D,0,4.11,35.54,78.37,1
203,2021-06-26,2021-10-13,150,109,9,78580.3233155006,73526.42836032687,5,High,IT,5,4.08,-6.43,83.98,1
204,2022-12-16,2023-08-29,270,256,5,66569.84043619613,78679.62847521131,1,Low,HR,10,3.78,18.19,86.43,1
205,2023-05-27,2025-05-19,720,723,23,110233.45346028495,135700.40862485056,1,Low,Marketing,10,4.36,23.1,83.15,1
206,2022-05-16,2022-12-18,330,216,14,56152.38417214878,49198.455059869004,1,Low,Finance,6,4.41,-12.38,100.0,1
207,2021-03-09,2023-02-19,720,712,16,83911.57715860804,94328.93447653715,1,Medium,R&D,10,3.35,12.41,77.27,1
208,2023-01-09,2023-09-06,210,240,28,361271.4787260104,534691.6963132601,1,Low,IT,10,4.07,48.0,56.24,0
209,2023-11-13,2024-10-17,360,339,19,290455.8237632584,349003.5937710764,5,Low,Operations,1,3.24,20.16,75.92,1
210,2021-02-15,2022-09-05,570,567,26,387459.8372614873,411949.2048139075,3,Low,IT,7,4.55,6.32,92.41,1
211,2023-12-31,2025-04-11,420,467,28,460924.5885159393,468286.48582327674,2,Low,Finance,5,4.12,1.6,97.36,1
212,2021-09-30,2023-02-11,540,499,13,313317.28954646236,250653.8316371699,1,Medium,HR,3,4.06,-20.0,100.0,1
213,2022-03-28,2022-08-17,150,142,24,376754.3798323316,441017.76939622115,3,Medium,HR,4,4.46,17.06,79.79,1
214,2023-10-07,2025-04-10,720,551,21,390686.5409191052,543903.0654544986,3,Low,R&D,7,3.81,39.22,71.55,1
215,2023-08-23,2024-07-18,330,330,21,220032.7471741039,215185.08180753794,2,Medium,HR,2,4.64,-2.2,100.0,1
216,2022-02-03,2023-05-25,510,476,30,158488.17454833433,128321.8996221105,5,Medium,R&D,2,3.34,-19.03,96.57,1
217,2022-06-16,2023-02-01,210,230,24,142270.39782793622,142322.5218315211,4,Low,R&D,10,4.99,0.04,86.1,1
218,2022-11-25,2024-04-08,450,500,16,163149.0977803093,201038.8380322944,4,Low,R&D,3,3.61,23.22,70.55,1
219,2022-07-13,2024-01-19,480,555,11,173629.30866165896,179832.21558800843,3,High,Operations,0,2.81,3.57,69.96,1
220,2020-09-04,2022-04-20,660,593,6,143252.44205362542,139947.57756845586,2,Medium,Marketing,8,3.77,-2.31,92.76,1
221,2021-05-22,2022-03-06,510,288,7,445199.30036563653,490998.39361954853,4,Low,R&D,7,3.69,10.29,97.14,1
222,2021-04-05,2022-12-16,540,620,21,390649.60947750293,443174.4465019252,3,Medium,R&D,7,3.76,13.45,66.64,1
223,2020-05-11,2021-09-11,450,488,9,71103.41050604897,63405.86043837773,5,Low,Marketing,9,4.16,-10.83,87.59,1
224,2021-11-23,2023-04-05,570,498,21,170902.6169113883,182422.7257397245,4,Medium,IT,5,4.77,6.74,86.0,1
225,2020-02-13,2021-01-11,300,333,28,59983.133913635735,61507.29682347665,3,Low,R&D,6,3.87,2.54,88.9,1
226,2023-04-19,2024-08-22,690,491,21,274174.3339906518,275233.8389236962,3,Low,Operations,5,3.52,0.39,100.0,1
227,2023-02-08,2023-07-02,120,144,21,264294.81355505635,250404.66737324177,1,Low,HR,8,3.21,-5.26,95.26,1
228,2021-04-16,2021-10-29,210,196,6,424117.17052812554,526409.4302978795,5,High,HR,2,3.67,24.12,53.73,0
229,2023-04-20,2023-11-07,240,201,6,188499.75789697224,189129.7166761092,1,Medium,Finance,2,2.68,0.33,100.0,1
230,2021-03-27,2022-03-30,420,368,26,417373.58084587805,334215.3203007417,2,Low,Finance,2,3.49,-19.92,100.0,1
231,2020-01-15,2021-08-10,600,573,27,485588.19444792037,553397.9992181477,1,Low,HR,9,4.87,13.96,96.48,1
232,2020-05-25,2022-05-14,720,719,9,89783.70051454095,108528.73440616389,1,Medium,HR,2,3.42,20.88,82.47,1
233,2023-12-20,2025-12-15,720,726,5,406318.0277613348,398434.47888474027,4,Low,Operations,8,4.44,-1.94,91.42,1
234,2023-07-16,2023-10-07,90,83,5,315480.15371193626,320543.7983731477,3,Low,Marketing,3,3.14,1.61,98.03,1
235,2020-04-30,2021-12-13,570,592,23,266020.68515831383,266723.49636220897,5,High,Finance,6,5.0,0.26,69.24,1
236,2021-04-13,2022-05-08,390,390,6,239241.10039928378,250725.1506923646,1,Low,Marketing,8,5.0,4.8,100.0,1
237,2020-05-18,2021-03-28,360,314,25,403100.7187749393,510336.6062549667,5,Medium,Operations,10,4.41,26.6,55.9,0
238,2020-03-05,2021-08-17,630,530,16,337712.61063840904,365705.98857188126,1,High,HR,6,5.0,8.29,90.72,1
239,2021-11-07,2023-04-29,480,538,30,412270.10038371285,505418.0077251445,2,Low,R&D,8,4.25,22.59,76.34,1
240,2020-05-25,2021-06-26,360,397,10,456417.9764044818,435730.9481328468,1,Low,Marketing,2,4.54,-4.53,100.0,1
241,2022-11-18,2024-04-16,510,515,27,327768.6704437814,341681.2826849482,4,Low,HR,3,4.88,4.24,96.13,1
242,2021-05-02,2023-05-18,630,746,8,491208.22629157006,610621.9640717283,3,High,HR,7,4.13,24.31,48.32,0
243,2021-07-24,2021-11-11,180,110,27,323639.53229384834,316894.6223692221,2,High,IT,5,2.91,-2.08,94.29,1
244,2023-10-02,2024-01-17,120,107,15,336489.9447300272,421225.0004715834,1,Medium,Marketing,4,4.55,25.18,85.95,1
245,2022-09-21,2023-06-02,330,254,28,299667.0238440016,301387.82767148706,5,Low,R&D,3,3.67,0.57,97.6,1
246,2021-03-14,2022-08-18,360,522,21,90950.94097309862,95657.70880735797,2,Medium,Marketing,7,3.72,5.18,65.97,1
247,2023-01-09,2024-03-29,390,445,10,376878.6646926027,508983.82802280376,2,High,HR,0,4.21,35.05,57.36,0
248,2020-09-27,2022-01-13,480,473,28,296350.8381046002,306612.62404329487,1,Medium,R&D,8,4.4,3.46,92.8,1
249,2023-03-15,2024-01-21,270,312,9,252909.70133724698,283714.5760056145,2,High,Operations,0,4.11,12.18,74.56,1
250,2023-03-26,2024-12-08,510,623,24,459712.0752814729,548190.7728711034,5,High,IT,7,4.45,19.25,42.47,0
251,2022-08-26,2025-01-21,720,879,6,184081.75319387772,208744.34491504575,2,Medium,HR,3,3.51,13.4,73.47,1
252,2021-05-12,2023-05-28,630,746,10,285621.02420675504,325110.4164380111,5,Medium,Finance,8,3.97,13.83,54.42,0
253,2022-08-26,2024-07-09,720,683,26,363938.84217205853,397246.1750450518,1,Low,Finance,10,4.59,9.15,97.71,1
254,2022-04-13,2023-07-16,510,459,15,408412.29905324476,369475.95256782393,3,Low,IT,4,5.0,-9.53,100.0,1
255,2021-01-24,2021-09-24,300,243,20,256706.0635757776,295787.8673706584,2,Medium,Operations,2,5.0,15.22,97.42,1
256,2020-07-12,2021-09-14,390,429,20,428941.13675841934,424707.37254572165,3,Low,HR,8,4.3,-0.99,91.31,1
257,2020-07-17,2021-06-02,330,320,5,396012.98359192885,481696.3655016178,5,High,Marketing,10,4.59,21.64,46.84,0
258,2023-09-11,2024-12-22,510,468,13,79806.19003333963,104211.65824724507,2,High,IT,8,5.0,30.58,61.83,1
259,2022-06-01,2022-08-22,90,82,10,70637.56988208482,58570.30028587578,4,Medium,Operations,3,3.53,-17.08,100.0,1
260,2021-12-26,2022-04-21,90,116,20,329362.5579899411,430170.94282313436,3,Low,Marketing,10,4.44,30.61,56.16,0
261,2022-05-17,2024-06-05,630,750,7,206336.0337014364,214247.23191219257,2,Low,Finance,3,4.54,3.83,97.5,1
262,2022-04-21,2022-11-11,150,204,24,144108.85598533138,155689.1001936885,3,Low,Finance,7,5.0,8.04,78.67,1
263,2022-08-14,2023-09-16,360,398,8,310842.4705122823,299385.4020930067,2,Medium,Marketing,1,3.2,-3.69,93.25,1
264,2020-04-20,2021-02-17,300,303,23,203703.44470544526,229832.51801998177,1,Medium,IT,8,3.34,12.83,79.05,1
265,2023-10-11,2025-03-02,510,508,30,291768.5375213316,323869.5633858643,3,High,Finance,5,4.01,11.0,68.93,1
266,2023-08-31,2024-06-13,360,287,7,257053.6215426074,324283.02055138175,4,Medium,HR,8,4.26,26.15,66.51,1
267,2023-08-16,2023-10-23,90,68,23,313144.74767711916,309634.7108638469,4,High,R&D,7,4.79,-1.12,84.1,1
268,2020-07-20,2022-05-11,600,660,24,230135.22000962662,310480.1109349638,5,High,Marketing,6,4.36,34.91,35.88,0
269,2020-05-04,2020-08-10,120,98,11,363950.4081636193,436633.8934336154,2,Low,Marketing,0,3.89,19.97,100.0,1
270,2022-04-04,2024-01-20,630,656,24,131030.27255718435,145921.2532860723,3,High,Finance,2,4.29,11.36,72.72,1
271,2021-11-25,2023-05-29,450,550,13,363425.65980218555,389912.9742728085,5,Low,IT,10,4.21,7.29,66.33,1
272,2020-08-11,2022-04-28,720,625,5,235247.54646088765,247954.34456826007,3,Low,HR,1,5.0,5.4,100.0,1
273,2021-05-24,2021-09-27,90,126,12,443442.9221844877,471733.88611685834,2,Medium,IT,4,4.12,6.38,73.48,1
274,2021-01-27,2021-05-04,120,97,11,281856.22468889493,317161.6181295926,4,Low,Operations,4,3.73,12.53,90.31,1
275,2021-01-24,2022-11-01,540,646,22,487899.65717154695,521393.9715130008,1,Medium,Operations,4,4.31,6.87,87.23,1
276,2023-01-03,2024-07-09,510,553,12,320870.9279934321,322128.9286252724,4,Medium,R&D,3,4.14,0.39,82.51,1
277,2022-07-07,2024-01-15,450,557,5,150732.07965784427,169749.7794725853,5,Medium,Finance,4,2.9,12.62,53.9,0
278,2020-10-14,2021-12-08,540,420,15,419805.7865800021,409124.5765146491,1,Low,Finance,2,3.99,-2.54,100.0,1
279,2022-05-14,2024-08-24,570,833,29,205287.18252007404,235745.6490064757,5,Medium,Finance,0,3.93,14.84,54.32,0
280,2021-01-10,2022-11-07,690,666,29,206428.64651720758,220164.39723639403,2,Medium,R&D,4,3.62,6.65,88.16,1
281,2021-07-24,2022-05-26,270,306,22,64312.10666832431,77464.55221820228,1,Medium,Operations,8,4.72,20.45,74.93,1
282,2022-08-05,2024-08-08,570,734,27,296921.8891433339,370665.7455290652,5,Medium,IT,8,3.45,24.84,38.87,0
283,2021-05-26,2022-01-19,270,238,14,290490.5766796353,362619.9922665721,2,Low,R&D,3,4.32,24.83,91.97,1
284,2020-06-03,2021-11-09,450,524,7,210196.16792239377,241245.45428148317,4,Medium,R&D,2,3.9,14.77,68.09,1
285,2022-06-26,2022-12-21,210,178,11,452397.7683031666,527145.0462130026,2,Low,IT,0,4.08,16.52,100.0,1
286,2023-02-01,2025-01-30,570,729,20,107936.77923483975,113504.9512202292,3,Medium,Finance,1,4.29,5.16,79.66,1
287,2020-07-19,2020-11-24,150,128,30,198544.78098956993,238580.53261949192,2,Medium,HR,7,3.08,20.16,74.66,1
288,2020-04-13,2021-01-10,270,272,20,194712.24410601304,237271.5126021095,2,Medium,IT,0,4.13,21.86,82.89,1
289,2023-08-28,2025-04-23,570,604,29,91530.76380293575,79165.01500032301,3,Medium,Operations,7,5.0,-13.51,97.92,1
290,2023-01-12,2023-11-20,270,312,24,266515.42732533196,308292.27473505674,5,High,Marketing,6,2.91,15.68,41.79,0
291,2020-01-31,2022-09-18,690,961,21,359503.1226932374,469230.47568071657,5,High,Marketing,7,3.96,30.52,24.17,0
292,2020-07-10,2020-09-30,90,82,6,280245.6560962675,293292.90060005675,2,High,R&D,5,4.79,4.66,86.26,1
293,2021-04-29,2023-03-29,570,699,5,120639.95722228718,122306.95455106805,3,High,Marketing,8,4.21,1.38,63.9,1
294,2020-12-06,2023-02-08,570,794,20,219778.68435893266,227914.99693163502,3,Low,HR,2,4.48,3.7,85.73,1
295,2022-04-12,2023-05-19,390,402,16,51167.76097264095,44734.36680572307,4,Low,Finance,9,2.34,-12.57,87.01,1
296,2022-09-21,2023-02-02,150,134,9,440735.4981660141,493137.8881213603,5,Medium,Operations,3,4.42,11.89,77.35,1
297,2022-09-12,2023-08-12,510,334,9,88032.65345630687,97231.60938249962,1,Low,HR,5,3.47,10.45,100.0,1
298,2021-03-13,2023-10-18,690,949,27,318775.13701494376,360073.7390633504,5,Medium,Operations,7,4.22,12.96,50.21,0
299,2022-04-01,2023-04-07,390,371,13,493815.6481400668,574009.577676741,5,Low,Operations,4,3.98,16.24,77.85,1
300,2020-04-30,2021-07-06,540,432,13,291465.7906942996,285724.20307338086,4,Medium,Finance,2,5.0,-1.97,100.0,1
301,2020-12-03,2022-05-12,720,525,7,465818.7915983449,531489.8688712921,1,Medium,R&D,5,4.38,14.1,98.97,1
302,2022-02-15,2022-11-06,330,264,23,156252.43990283195,182265.31468913986,4,Medium,Marketing,3,3.92,16.65,79.79,1
303,2020-01-05,2020-04-20,90,106,20,391979.9340219135,402461.9636607286,1,Medium,Finance,8,2.94,2.67,78.47,1
304,2022-03-10,2024-07-29,720,872,20,289069.58928809036,336193.04879798426,2,High,HR,2,4.08,16.3,65.94,1
305,2021-06-27,2023-02-27,540,610,7,374232.2276261592,416185.9034753105,1,Medium,R&D,3,4.58,11.21,89.23,1
306,2022-07-20,2023-06-23,330,338,24,78053.61313005866,78468.97813169684,4,High,HR,6,3.94,0.53,69.32,1
307,2021-08-07,2022-11-24,630,474,28,116482.59135780201,133071.84451954925,5,Low,R&D,6,3.65,14.24,82.74,1
308,2022-05-16,2023-05-10,420,359,26,109902.61786436522,116100.39889042958,1,High,HR,3,3.6,5.64,89.79,1
309,2023-11-27,2025-04-01,630,491,28,359224.477431499,432707.36149366834,1,Medium,Finance,5,4.37,20.46,91.83,1
310,2023-02-12,2025-04-24,720,802,5,429998.30268513295,457571.96233029116,3,Low,R&D,2,4.53,6.41,94.97,1
311,2023-09-17,2024-06-03,330,260,28,387327.3044038643,351125.82092955936,5,Low,R&D,5,4.95,-9.35,100.0,1
312,2022-09-23,2023-05-13,270,232,24,63712.46873011737,72635.27559814592,2,Medium,Operations,1,3.3,14.0,89.44,1
313,2020-11-13,2022-02-19,480,463,15,440246.7414836255,499420.52048352046,4,Low,Operations,7,4.37,13.44,82.0,1
314,2021-01-23,2022-03-19,630,420,21,209366.00185690646,196349.59882776227,2,Low,IT,1,3.91,-6.22,100.0,1
315,2021-08-30,2023-05-27,630,635,12,228723.72462683712,277345.90945791896,5,Medium,HR,10,3.94,21.26,52.35,0
316,2021-03-21,2021-07-17,120,118,8,97191.1249396164,117089.36771162105,1,Medium,Operations,6,4.28,20.47,81.69,1
317,2020-04-29,2021-06-11,330,408,10,381832.3427422186,370187.5907616374,1,Medium,IT,8,4.29,-3.05,87.41,1
318,2023-04-01,2024-04-12,450,377,12,132027.74531418114,132167.17385376824,5,High,Operations,0,4.37,0.11,83.26,1
319,2023-01-15,2024-01-28,510,378,24,303784.29140847636,327691.7682345064,1,Medium,HR,7,3.26,7.87,94.86,1
320,2020-05-04,2020-09-20,150,139,7,428319.493645069,422396.76893194753,1,Medium,R&D,6,3.48,-1.38,97.42,1
321,2021-10-04,2022-08-05,390,305,20,90141.94792042529,107815.14016607213,1,Low,Marketing,5,5.0,19.61,100.0,1
322,2020-04-27,2022-03-23,690,695,29,290901.00380698557,326491.5176274394,4,Medium,HR,5,3.85,12.23,71.65,1
323,2020-04-12,2021-02-08,480,302,7,154947.38519741053,145025.55066925279,4,Low,Finance,5,4.21,-6.4,100.0,1
324,2023-04-11,2023-12-31,300,264,29,204317.0889252171,199542.0684218839,3,High,Operations,8,4.74,-2.34,83.36,1
325,2022-09-03,2024-01-05,600,489,22,263286.4736437503,336521.6800834051,2,High,Operations,1,4.32,27.82,75.27,1
326,2022-10-26,2024-09-26,630,701,18,209796.93647568714,279100.07252135215,5,Medium,R&D,0,4.38,33.03,55.98,0
327,2022-12-23,2024-03-20,540,453,22,341970.2781312092,403801.7006110328,5,Low,Finance,5,4.63,18.08,82.61,1
328,2020-11-18,2021-02-05,120,79,6,265811.9457894126,283969.21736805496,5,High,R&D,9,2.52,6.83,62.29,1
329,2020-04-26,2021-02-08,300,288,26,312889.76812137617,323529.76088677894,3,Medium,Finance,10,3.66,3.4,77.16,1
330,2022-11-06,2024-12-11,720,766,7,381570.1139277108,451189.4557711209,4,Low,Marketing,7,4.33,18.25,73.99,1
331,2020-06-13,2021-01-26,240,227,20,300984.01967769687,334510.0517820914,3,Low,Operations,2,4.97,11.14,100.0,1
332,2021-01-15,2022-01-19,420,369,13,313940.9455973416,269514.93725499325,5,Medium,Operations,9,4.05,-14.15,87.91,1
333,2020-05-20,2021-08-05,510,442,8,304006.3441351886,381461.14049879246,2,Low,Marketing,0,3.41,25.48,91.99,1
334,2023-05-03,2024-03-04,300,306,5,220447.6816780802,286994.33138862776,1,High,IT,8,3.43,30.19,55.19,0
335,2020-05-19,2020-10-14,180,148,8,201851.07524236315,244358.4652415605,4,Medium,R&D,0,4.62,21.06,83.36,1
336,2023-10-14,2025-02-02,510,477,5,454841.32871525554,425848.97865600983,4,Low,Marketing,2,3.85,-6.37,100.0,1
337,2021-04-26,2023-05-25,660,759,18,323399.8500321078,324847.3982847674,3,High,R&D,7,3.99,0.45,68.12,1
338,2022-04-06,2023-06-02,570,422,25,159958.91995909455,131380.98256360326,4,Low,HR,2,4.43,-17.87,100.0,1
339,2020-09-02,2021-11-23,450,447,20,274211.4640320231,367280.829458977,5,Medium,Operations,3,1.97,33.94,43.46,0
340,2023-03-12,2024-04-01,600,386,24,198656.8165764113,207892.21613499025,5,Low,R&D,7,5.0,4.65,100.0,1
341,2021-05-19,2021-09-21,120,125,28,470161.3206919436,681730.8111146287,3,Low,Finance,0,3.49,45.0,64.78,1
342,2023-03-31,2024-03-27,450,362,12,53390.463410333636,74388.10536496207,5,Medium,R&D,5,4.17,39.33,54.71,0
343,2023-05-02,2024-10-24,450,541,11,151399.7589706377,146022.9536148067,2,Medium,HR,0,2.81,-3.55,88.79,1
344,2020-03-22,2021-08-12,720,508,7,214410.56885332594,213072.61240277963,3,Medium,Operations,0,3.7,-0.62,100.0,1
345,2023-06-22,2024-12-28,510,555,21,269514.410363932,315312.6036855818,2,Medium,Marketing,7,4.87,16.99,76.73,1
346,2020-06-16,2022-09-15,660,821,5,432867.88302626583,362231.932401736,1,Medium,HR,10,2.66,-16.32,86.59,1
347,2022-05-08,2023-02-18,360,286,20,89549.43104306475,92617.49595576833,2,Low,Operations,3,4.79,3.43,100.0,1
348,2023-09-08,2024-01-11,150,125,16,412639.19903351454,420593.2940552728,1,Low,R&D,0,3.81,1.93,100.0,1
349,2023-04-10,2024-09-03,630,512,23,75044.0702106389,103386.33126955164,1,High,IT,9,4.34,37.77,60.48,1
350,2023-03-03,2023-07-17,150,136,26,429041.3158841817,482307.9462942579,2,Medium,IT,6,4.46,12.42,87.1,1
351,2022-12-06,2025-02-07,720,794,27,73235.96504353077,77431.28388601395,3,Medium,Finance,4,4.31,5.73,81.85,1
352,2021-10-09,2022-12-09,480,426,26,58209.11664276247,58516.30303758837,5,Low,Operations,4,3.39,0.53,90.05,1
353,2021-06-18,2022-02-06,300,233,18,363632.65806488966,448761.7685989375,5,Low,IT,0,3.74,23.41,83.93,1
354,2021-02-22,2021-06-10,180,108,10,498764.99064577743,511480.19429265923,1,Medium,Marketing,9,2.98,2.55,100.0,1
355,2023-10-03,2026-02-20,660,871,10,453474.61833830934,495401.7722809478,1,High,Operations,10,4.34,9.25,61.54,1
356,2021-10-05,2023-03-10,390,521,17,309199.28801254695,310476.7360987413,3,Medium,Marketing,5,5.0,0.41,78.73,1
357,2021-05-03,2022-07-10,390,433,23,462828.0258884892,403757.02122386347,4,High,Marketing,8,2.72,-12.76,67.41,1
358,2021-06-27,2022-05-20,390,327,26,52385.00287892244,49796.907711982894,2,Medium,IT,8,3.47,-4.94,95.75,1
359,2022-03-21,2022-08-05,120,137,12,488780.2233253141,500855.1691735399,1,Low,Operations,7,3.87,2.47,96.22,1
360,2020-09-25,2022-08-04,570,678,6,270836.950666453,287225.77541157586,5,Medium,R&D,4,4.12,6.05,67.19,1
361,2023-10-07,2024-08-16,330,314,25,375303.2434797991,400480.9911633545,3,Low,HR,0,4.62,6.71,100.0,1
362,2023-08-14,2023-12-12,120,120,5,419387.66291900864,455732.6554027063,2,Low,IT,8,3.89,8.67,90.53,1
363,2021-09-06,2023-06-03,510,635,19,373305.7718764491,383271.86211709474,3,High,IT,0,3.78,2.67,71.95,1
364,2022-07-25,2023-07-23,540,363,5,290766.5294202097,378685.300263174,2,Medium,R&D,7,4.77,30.24,82.28,1
365,2021-10-09,2022-05-12,180,215,9,264478.7678568854,328534.8954377242,2,Medium,Operations,4,4.46,24.22,69.16,1
366,2020-05-28,2021-03-06,300,282,20,427362.1514161811,461437.2784923582,1,Low,Operations,2,4.38,7.97,100.0,1
367,2020-01-20,2020-10-03,330,257,23,142284.9020672566,161939.95943889278,3,Low,Marketing,10,4.08,13.81,88.19,1
368,2022-07-27,2023-01-10,210,167,8,485597.3299269054,507054.3044375831,3,Low,R&D,6,4.69,4.42,100.0,1
369,2023-06-26,2024-09-15,540,447,7,369928.61547653674,295942.8923812294,5,Low,R&D,6,3.54,-20.0,100.0,1
370,2023-02-27,2024-02-04,450,342,21,139778.1173022439,154185.60024716583,5,Medium,Operations,8,3.45,10.31,71.58,1
371,2020-07-23,2021-07-23,270,365,21,381311.2326643197,436922.48425204464,1,Low,Marketing,6,4.52,14.58,82.87,1
372,2020-05-30,2022-05-24,660,724,16,288428.0104315025,247500.28811907594,1,Medium,IT,10,2.86,-14.19,91.79,1
373,2023-01-06,2024-11-27,570,691,18,368253.54304,432665.3816936461,4,Low,Finance,2,4.06,17.49,74.84,1
374,2021-03-12,2021-08-25,150,166,25,395500.77564927744,418405.6091507647,5,Low,HR,10,3.78,5.79,69.99,1
375,2022-11-02,2023-06-02,210,212,10,89280.58081535395,102734.27672519277,2,Low,IT,0,3.02,15.07,92.64,1
376,2021-06-27,2023-03-28,630,639,7,277746.78036170616,295089.34568078164,3,Medium,Operations,7,3.35,6.24,75.67,1
377,2020-09-28,2021-10-20,420,387,13,469406.45401562034,604428.0149994524,1,Medium,HR,2,3.92,28.76,81.75,1
378,2021-12-15,2022-08-25,270,253,9,194288.98647178142,220310.9503582579,3,Medium,Finance,7,4.72,13.39,79.92,1
379,2020-05-20,2021-01-13,330,238,28,317247.39390105446,396674.2346587426,3,Medium,Finance,7,3.54,25.04,73.34,1
380,2021-05-15,2022-03-02,240,291,21,216153.71667945327,272939.2264289705,4,Medium,Marketing,4,4.85,26.27,58.73,0
381,2022-01-26,2023-01-25,570,364,18,254420.58749859483,237136.94241312993,5,Low,HR,0,4.04,-6.79,100.0,1
382,2021-08-06,2022-10-06,540,426,25,296871.40307216893,293649.5971148087,1,Low,Marketing,9,4.92,-1.09,100.0,1
383,2020-11-19,2021-06-17,150,210,7,297014.8909500398,346836.6446973156,3,High,IT,6,3.58,16.77,44.46,0
384,2022-06-16,2024-05-24,690,708,5,140778.70804860612,147137.59887080587,1,Medium,R&D,9,3.97,4.52,86.67,1
385,2023-01-17,2023-07-22,180,186,24,358057.196545925,381047.68556899903,2,Low,R&D,4,4.26,6.42,98.82,1
386,2023-12-11,2025-01-19,360,405,25,89540.65005919556,115774.69264318259,4,High,R&D,7,3.87,29.3,40.43,0
387,2021-09-11,2022-02-04,210,146,27,112471.14804890918,118482.17342314348,2,Medium,HR,8,4.67,5.34,99.25,1
388,2023-06-06,2024-10-16,690,498,5,51219.90473644835,48897.62487304698,1,Low,R&D,10,2.45,-4.53,100.0,1
389,2023-09-01,2025-06-18,720,656,7,102513.2288637566,99943.2221909917,1,Medium,IT,6,5.0,-2.51,100.0,1
390,2022-12-19,2023-10-10,360,295,22,262924.7904733515,375286.6133928238,5,Medium,Marketing,6,4.6,42.74,52.04,0
391,2020-01-17,2021-03-06,420,414,29,322745.8464751274,346392.49156434654,3,Medium,HR,0,3.88,7.33,89.1,1
392,2023-09-29,2024-10-27,360,394,14,407430.2524849081,364797.90662933857,3,Low,Marketing,3,3.61,-10.46,100.0,1
393,2023-02-09,2024-09-06,450,575,26,98014.66255104623,81801.19573845022,2,Low,HR,1,3.39,-16.54,100.0,1
394,2021-09-05,2022-12-02,390,453,30,432827.3570074046,435556.1186373528,4,Medium,Marketing,1,4.45,0.63,83.79,1
395,2023-09-20,2025-04-19,720,577,7,385688.53649692313,412887.9408519323,3,Medium,Finance,1,4.7,7.05,99.29,1
396,2020-07-31,2021-12-13,540,500,12,233833.2318211626,290508.80830332695,5,High,Marketing,3,3.89,24.24,53.5,0
397,2020-10-02,2021-06-21,300,262,18,469822.1301949796,576871.9364797468,2,Medium,R&D,0,4.77,22.79,90.71,1
398,2021-06-25,2022-02-20,300,240,28,495918.26440582576,545037.9949278639,2,Low,Finance,3,3.36,9.9,100.0,1
399,2020-08-24,2021-04-07,300,226,22,142250.81452395677,146785.01827949315,5,Medium,Marketing,1,3.24,3.19,87.02,1
400,2020-08-07,2022-03-29,450,599,19,220652.86323371017,253958.2677546268,4,Low,HR,4,5.0,15.09,73.68,1
401,2023-02-07,2023-06-07,120,120,26,466902.24061537004,391118.44549459463,5,Medium,HR,2,4.41,-16.23,97.05,1
402,2020-11-14,2021-12-21,420,402,27,374718.4478380747,523542.4262641054,4,Medium,HR,7,4.98,39.72,54.33,0
403,2021-07-11,2022-08-09,360,394,6,71642.58978383946,85836.12159411376,5,Low,Operations,3,3.4,19.81,67.88,1
404,2021-07-31,2022-11-07,420,464,14,401681.51678813674,494087.7604420902,5,Medium,IT,0,3.35,23.0,59.17,0
405,2023-05-23,2024-09-11,390,477,6,422573.39922987134,396744.4422717793,1,Low,HR,0,3.75,-6.11,100.0,1
406,2021-03-07,2022-05-16,510,435,30,387725.86614439107,501095.8610696775,2,Low,Finance,9,3.42,29.24,76.11,1
407,2021-12-03,2023-07-09,540,583,21,409791.70891378203,422494.1970231654,5,Low,HR,2,4.49,3.1,88.8,1
408,2021-02-20,2022-06-02,570,467,12,421309.70451175875,403242.3777746899,5,Low,Operations,8,3.47,-4.29,91.03,1
409,2023-11-08,2024-03-03,120,116,5,133882.24405466486,146483.79572787607,3,High,R&D,6,3.18,9.41,65.7,1
410,2023-07-22,2025-03-19,600,606,13,156061.28572924988,170203.05022993745,2,Medium,Finance,1,4.1,9.06,91.35,1
411,2021-06-24,2022-08-30,420,432,15,335191.35367407976,314483.04384304147,3,Low,Operations,8,3.1,-6.18,92.28,1
412,2022-11-01,2024-08-05,630,643,26,458539.7587081322,442839.0808561826,2,Medium,R&D,9,2.74,-3.42,82.12,1
413,2022-09-27,2024-08-23,600,696,20,192288.46203342258,183446.1220447816,3,Low,Finance,1,4.09,-4.6,100.0,1
414,2021-05-29,2022-10-13,570,502,11,314738.0041077755,300714.1409706761,5,High,Marketing,2,2.78,-4.46,74.21,1
415,2020-04-14,2020-12-18,240,248,14,357341.9285377096,372273.57320381753,5,Medium,IT,10,4.54,4.18,68.04,1
416,2020-07-08,2021-09-14,510,433,27,253376.87058456766,225924.0515792459,1,Medium,IT,9,3.02,-10.83,100.0,1
417,2023-07-23,2024-03-16,150,237,30,371202.1046848967,369826.36486855906,3,Low,Operations,1,2.43,-0.37,72.75,1
418,2022-05-17,2022-11-30,240,197,7,454850.3503814779,571642.3577488817,4,Medium,R&D,2,3.79,25.68,72.6,1
419,2021-07-20,2021-11-26,150,129,22,330845.69488182693,404788.5225376374,1,Medium,IT,5,4.1,22.35,85.73,1
420,2020-03-31,2020-07-14,90,105,29,292901.47786158486,276064.94846269034,3,High,R&D,8,4.34,-5.75,72.65,1
421,2020-01-08,2021-02-23,450,412,28,247435.10392475256,307742.644311014,3,Low,R&D,8,4.12,24.37,77.48,1
422,2021-11-14,2024-02-03,690,811,17,309868.82190775656,249454.9711464816,1,Low,Operations,6,3.26,-19.5,100.0,1
423,2020-09-24,2022-01-31,480,494,30,209913.10331827815,307390.79710633785,5,High,Operations,2,4.5,46.44,36.18,0
424,2023-07-28,2024-09-14,450,414,11,226166.94959067585,292896.82477641664,3,Medium,Operations,3,4.67,29.5,73.46,1
425,2021-06-20,2021-11-20,180,153,29,289335.8658596783,293976.8748283935,5,Low,IT,5,3.16,1.6,88.0,1
426,2020-11-26,2021-07-12,270,228,8,79978.60057586763,92564.3518180466,1,Low,Operations,10,3.87,15.74,93.0,1
427,2022-06-23,2024-04-17,720,664,17,153061.42591615836,136203.56201469075,5,High,IT,4,3.81,-11.01,79.96,1
428,2023-02-03,2024-01-17,360,348,24,294282.189776034,326378.4942399686,2,Low,Operations,1,4.15,10.91,100.0,1
429,2023-12-16,2024-07-29,270,226,5,244187.66441139916,261879.19381071525,4,Medium,HR,5,3.86,7.25,82.51,1
430,2022-05-25,2024-03-30,690,675,12,199767.10366061793,194730.07434555382,3,Medium,R&D,2,3.95,-2.52,94.65,1
431,2023-02-22,2024-03-27,510,399,18,378747.11156418564,390002.10353845,4,Low,Operations,7,4.45,2.97,98.07,1
432,2020-01-20,2021-08-29,510,587,20,362172.9233315023,367588.0889237151,5,Medium,Finance,1,3.22,1.5,72.37,1
433,2020-08-17,2021-03-19,180,214,18,125028.84199702242,116306.76647745569,3,Low,R&D,0,4.52,-6.98,100.0,1
434,2020-06-03,2020-12-27,240,207,16,445383.10191804724,432590.7697678692,5,Low,R&D,8,4.8,-2.87,94.79,1
435,2023-11-16,2025-05-29,660,560,23,272940.63188178453,241204.00576382442,2,Medium,Operations,2,5.0,-11.63,100.0,1
436,2020-11-01,2021-06-06,210,217,27,383657.41001257044,471361.34616968967,1,High,Marketing,10,2.5,22.86,52.88,0
437,2023-01-22,2025-04-28,660,827,19,307917.8821658249,295657.54295811965,3,Medium,Operations,0,3.87,-3.98,87.42,1
438,2020-03-14,2021-09-09,420,544,6,498961.67716572946,457396.6073407768,2,Medium,R&D,6,2.62,-8.33,78.98,1
439,2022-01-26,2022-04-01,90,65,6,388581.4040174702,476488.50491474295,2,Low,Finance,9,2.3,22.62,80.99,1
440,2023-04-07,2024-04-01,300,360,27,368141.2075595566,425366.20085327304,3,Low,R&D,4,4.1,15.54,79.07,1
441,2023-02-05,2023-05-05,90,89,26,400357.372572838,488706.29917889164,5,Low,Finance,4,3.72,22.07,70.39,1
442,2020-10-30,2021-05-27,210,209,23,114407.59349681133,141569.38441496334,2,Low,IT,0,4.21,23.74,92.25,1
443,2022-05-30,2024-07-30,720,792,29,142045.06692625847,197530.46019421818,4,Low,HR,8,4.34,39.06,54.45,0
444,2020-09-18,2021-04-23,240,217,30,371328.8370006264,399770.41093688464,2,Low,R&D,6,4.87,7.66,100.0,1
445,2020-03-26,2022-07-15,690,841,26,272291.6692088882,239986.67193497,5,Low,Operations,7,4.04,-11.86,85.43,1
446,2021-09-23,2022-04-03,150,192,30,389585.88133705244,444383.34454359306,5,Low,IT,8,5.0,14.07,65.55,1
447,2022-01-16,2023-11-06,510,659,30,96312.21383486525,96278.43777405462,4,Medium,HR,5,4.21,-0.04,71.91,1
448,2020-03-22,2020-08-02,210,133,26,291416.60816806764,278703.32768985146,2,High,Operations,4,5.0,-4.36,100.0,1
449,2022-01-02,2023-04-05,480,458,21,220469.70450061208,245821.24592930943,5,Low,Marketing,5,2.37,11.5,71.97,1
450,2021-03-06,2022-03-09,600,368,24,255650.09867675524,314414.5742879666,3,High,Operations,10,4.94,22.99,71.8,1
451,2023-10-28,2025-01-28,540,458,14,321781.0424326306,313608.0529363206,1,High,Finance,1,3.87,-2.54,100.0,1
452,2021-05-26,2021-09-28,240,125,10,276029.7563581386,356398.08698173566,1,Low,Finance,3,2.64,29.12,99.55,1
453,2023-09-27,2025-03-03,480,523,19,292937.28670077655,278746.7911661294,1,Medium,Marketing,2,4.29,-4.84,100.0,1
454,2020-07-29,2021-06-07,300,313,26,268860.8668980235,285910.54885910824,2,Medium,IT,6,3.79,6.34,83.13,1
455,2021-12-25,2022-08-29,270,247,15,234029.82968847195,270993.94782439276,4,Medium,HR,8,4.41,15.79,70.8,1
456,2023-02-20,2023-10-31,300,253,9,397346.89126921026,413961.9986916717,5,Low,Operations,4,4.71,4.18,95.46,1
457,2022-04-12,2023-08-03,450,478,5,55491.38254312003,46257.59701930489,3,Medium,Finance,5,2.96,-16.64,93.11,1
458,2023-06-25,2024-01-03,240,192,12,319299.2155423522,395647.2097890273,3,Low,IT,9,4.71,23.91,83.92,1
459,2020-11-12,2022-02-26,600,471,25,304478.7562953382,306451.88488295756,2,Medium,Marketing,1,4.0,0.65,100.0,1
460,2021-04-29,2021-07-30,120,92,16,372280.58362982847,451105.32641559705,1,Medium,R&D,2,4.95,21.17,99.13,1
461,2020-11-28,2021-09-12,300,288,16,319563.2141497969,290923.44112406846,2,Medium,Finance,2,3.86,-8.96,100.0,1
462,2020-12-28,2021-12-08,390,345,9,422059.47251408524,395041.1297054114,4,Medium,Marketing,8,3.67,-6.4,86.09,1
463,2022-04-24,2022-07-17,90,84,11,481583.6575538125,592042.0986747349,4,Medium,Operations,6,4.02,22.94,65.41,1
464,2020-02-20,2022-04-25,720,795,8,204135.91573034454,234975.9970022019,5,Low,HR,7,4.07,15.11,68.6,1
465,2021-01-02,2021-10-15,240,286,10,152307.94236349416,157518.72352818152,5,Low,Finance,10,3.54,3.42,67.28,1
466,2021-11-11,2023-10-08,540,696,17,240618.5880892173,277494.5271799778,4,High,Finance,9,3.65,15.33,40.95,0
467,2022-04-23,2024-02-19,660,667,24,179568.32741407678,171827.87837689364,4,Low,Operations,10,3.14,-4.31,83.73,1
468,2023-10-03,2024-12-25,420,449,19,326727.6184186945,364804.08509047865,4,Low,R&D,8,3.7,11.65,74.39,1
469,2021-05-23,2022-07-01,390,404,7,460333.5839793341,515243.5956205806,2,Low,IT,5,4.47,11.93,93.89,1
470,2021-06-30,2022-02-25,360,240,27,112602.28736437784,117549.21654292983,4,Low,HR,3,3.9,4.39,100.0,1
471,2020-11-22,2021-04-10,150,139,12,95357.57135714893,92945.70605169224,3,High,Finance,0,4.71,-2.53,93.49,1
472,2023-12-07,2025-01-28,450,418,24,165206.989334148,183468.52168434337,1,Medium,HR,7,3.87,11.05,87.85,1
473,2020-08-09,2020-12-22,150,135,20,376743.0137280803,411310.25085707894,4,High,Finance,6,3.0,9.18,62.65,1
474,2022-02-22,2023-07-13,510,506,17,316833.3073664697,326378.44561685296,1,Medium,HR,1,4.42,3.01,100.0,1
475,2020-03-20,2021-08-19,540,517,22,95995.69890133981,90709.00740157589,2,Medium,Marketing,7,3.53,-5.51,93.25,1
476,2022-08-21,2023-08-18,450,362,14,463437.7350173359,510648.8588416288,1,Low,Finance,4,3.84,10.19,100.0,1
477,2021-03-31,2022-10-05,570,553,23,405538.086705839,417907.6655718436,2,Medium,HR,6,4.87,3.05,94.08,1
478,2021-02-12,2021-06-23,150,131,21,60360.17215443688,57028.37255630957,3,Low,IT,3,3.19,-5.52,100.0,1
479,2022-07-31,2023-06-26,660,330,28,343115.24494471075,379667.13069128175,2,High,Marketing,4,4.12,10.65,96.05,1
480,2021-12-17,2022-09-25,390,282,23,397061.0008338821,532556.4079744084,2,High,Marketing,7,3.97,34.12,63.14,1
481,2021-09-17,2023-08-20,690,702,30,218495.9163741899,228322.95595954306,5,Low,IT,0,4.49,4.5,93.16,1
482,2021-04-11,2023-05-18,630,767,27,81014.69271524846,107317.44792349782,4,High,HR,0,4.6,32.47,48.32,0
483,2021-04-01,2022-04-07,720,371,30,84794.47946995427,120166.47599355284,4,High,Operations,3,4.18,41.71,62.44,1
484,2020-02-18,2021-01-06,390,323,9,96911.13472331427,92742.7120412341,3,Medium,IT,2,3.75,-4.3,100.0,1
485,2023-09-13,2025-04-21,540,586,30,428197.8343911903,471598.5243849963,3,Low,HR,9,4.33,10.14,81.64,1
486,2021-01-30,2023-04-21,690,811,25,459808.7892150709,650886.8320312104,4,Medium,IT,1,4.93,41.56,52.92,0
487,2022-03-27,2022-08-12,150,138,27,105264.85183058021,113879.51738403193,5,Medium,IT,2,3.98,8.18,78.56,1
488,2021-11-03,2023-07-18,720,622,13,156157.71556778654,172635.76221274617,4,Low,Finance,10,3.81,10.55,81.07,1
489,2021-07-24,2022-05-18,240,298,16,124484.22966528039,105749.2508796545,5,Low,HR,10,4.27,-15.05,83.73,1
490,2020-05-22,2021-11-29,480,556,25,133844.39577235433,136554.84047906962,3,Medium,Operations,10,4.03,2.03,72.18,1
491,2021-07-25,2023-06-28,600,703,5,426870.85505112144,505132.63308843714,1,Low,Finance,0,3.06,18.33,88.78,1
492,2021-12-20,2023-05-21,570,517,30,199465.88569472253,292096.3263610579,3,Medium,IT,0,4.17,46.44,62.41,1
493,2023-08-06,2024-03-13,180,220,30,190149.91882053853,203574.30818165545,3,High,R&D,5,3.06,7.06,58.25,0
494,2022-11-09,2023-09-17,510,312,5,152328.0293947007,129571.14364092462,2,High,IT,4,4.26,-14.94,100.0,1
495,2022-03-29,2023-07-20,390,478,19,323552.47720741644,287706.9464128949,2,Low,IT,7,3.44,-11.08,96.55,1
496,2023-10-23,2024-03-20,150,149,6,220687.56427349697,241571.56990847128,2,High,HR,1,4.03,9.46,81.33,1
497,2023-01-03,2023-06-05,150,153,26,384912.34332948,491371.79174568073,2,Low,HR,3,4.27,27.66,83.94,1
498,2021-11-09,2023-01-21,540,438,20,142510.91376903688,170386.4835070356,5,Low,Finance,7,5.0,19.56,81.41,1
499,2020-02-26,2020-07-09,210,134,29,404505.4499215216,472882.39568590105,4,Medium,Operations,5,4.52,16.9,86.05,1
500,2020-08-24,2022-07-29,690,704,12,321674.68927856255,417009.9502887926,1,Low,Finance,0,4.96,29.64,95.26,1
